{"v":"5.7.5","fr":24,"ip":0,"op":28,"w":48,"h":48,"nm":"heart","ddd":0,"assets":[],"layers":[{"ddd":0,"ind":1,"ty":4,"nm":"Heart fill","parent":3,"sr":1,"ks":{"o":{"a":0,"k":100,"ix":11},"r":{"a":0,"k":0,"ix":10},"p":{"a":0,"k":[0,0,0],"ix":2,"l":2},"a":{"a":0,"k":[0,0,0],"ix":1,"l":2},"s":{"a":0,"k":[100,100,100],"ix":6,"l":2}},"ao":0,"hasMask":true,"masksProperties":[{"inv":false,"mode":"a","pt":{"a":1,"k":[{"i":{"x":0.667,"y":1},"o":{"x":0.333,"y":0},"t":5,"s":[{"i":[[0,-0.035],[0.035,0],[0,0.035],[-0.035,0]],"o":[[0,0.035],[-0.035,0],[0,-0.035],[0.035,0]],"v":[[0.563,0.5],[0.5,0.563],[0.438,0.5],[0.5,0.438]],"c":true}]},{"i":{"x":0.667,"y":1},"o":{"x":0.333,"y":0},"t":9,"s":[{"i":[[0,-13.635],[13.635,0],[0,13.635],[-13.635,0]],"o":[[0,13.635],[-13.635,0],[0,-13.635],[13.635,0]],"v":[[25.188,0.5],[0.5,25.188],[-24.188,0.5],[0.5,-24.188]],"c":true}]},{"i":{"x":0.667,"y":1},"o":{"x":0.333,"y":0},"t":17,"s":[{"i":[[0,-13.635],[13.635,0],[0,13.635],[-13.635,0]],"o":[[0,13.635],[-13.635,0],[0,-13.635],[13.635,0]],"v":[[25.188,0.5],[0.5,25.188],[-24.188,0.5],[0.5,-24.188]],"c":true}]},{"t":25,"s":[{"i":[[0,-0.035],[0.035,0],[0,0.035],[-0.035,0]],"o":[[0,0.035],[-0.035,0],[0,-0.035],[0.035,0]],"v":[[0.563,0.5],[0.5,0.563],[0.438,0.5],[0.5,0.438]],"c":true}]}],"ix":1},"o":{"a":0,"k":100,"ix":3},"x":{"a":0,"k":0,"ix":4},"nm":"Mask 1"}],"ef":[{"ty":5,"nm":"CC Composite","np":5,"mn":"CC Composite","ix":1,"en":1,"ef":[{"ty":0,"nm":"Opacity","mn":"CC Composite-0001","ix":1,"v":{"a":0,"k":100,"ix":1}},{"ty":7,"nm":"Composite Original","mn":"CC Composite-0002","ix":2,"v":{"a":0,"k":22,"ix":2}},{"ty":7,"nm":"RGB Only","mn":"CC Composite-0003","ix":3,"v":{"a":0,"k":1,"ix":3}}]},{"ty":5,"nm":"Channel Combiner","np":10,"mn":"ADBE Channel Combiner","ix":2,"en":1,"ef":[{"ty":6,"nm":"Source Options","mn":"ADBE Channel Combiner-0001","ix":1,"v":0},{"ty":7,"nm":"Use 2nd Layer","mn":"ADBE Channel Combiner-0002","ix":2,"v":{"a":0,"k":0,"ix":2}},{"ty":10,"nm":"Source Layer","mn":"ADBE Channel Combiner-0003","ix":3,"v":{"a":0,"k":1,"ix":3}},{"ty":6,"nm":"Source Layer","mn":"ADBE Channel Combiner-0004","ix":4,"v":0},{"ty":7,"nm":"From","mn":"ADBE Channel Combiner-0005","ix":5,"v":{"a":0,"k":1,"ix":5}},{"ty":7,"nm":"To","mn":"ADBE Channel Combiner-0006","ix":6,"v":{"a":0,"k":7,"ix":6}},{"ty":7,"nm":"Invert","mn":"ADBE Channel Combiner-0007","ix":7,"v":{"a":0,"k":0,"ix":7}},{"ty":7,"nm":"Solid Alpha","mn":"ADBE Channel Combiner-0008","ix":8,"v":{"a":0,"k":0,"ix":8}}]},{"ty":5,"nm":"4-Color Gradient","np":16,"mn":"ADBE 4ColorGradient","ix":3,"en":1,"ef":[{"ty":6,"nm":"Positions & Colors","mn":"ADBE 4ColorGradient-0011","ix":1,"v":0},{"ty":3,"nm":"Point 1","mn":"ADBE 4ColorGradient-0001","ix":2,"v":{"a":0,"k":[4.8,4.8],"ix":2}},{"ty":2,"nm":"Color 1","mn":"ADBE 4ColorGradient-0002","ix":3,"v":{"a":0,"k":[0.331398487091,0.2934255898,0.831372559071,1],"ix":3}},{"ty":3,"nm":"Point 2","mn":"ADBE 4ColorGradient-0003","ix":4,"v":{"a":0,"k":[43.2,4.8],"ix":4}},{"ty":2,"nm":"Color 2","mn":"ADBE 4ColorGradient-0004","ix":5,"v":{"a":0,"k":[0.125381872058,0.021314878017,0.905882358551,1],"ix":5}},{"ty":3,"nm":"Point 3","mn":"ADBE 4ColorGradient-0005","ix":6,"v":{"a":0,"k":[4.8,43.2],"ix":6}},{"ty":2,"nm":"Color 3","mn":"ADBE 4ColorGradient-0006","ix":7,"v":{"a":0,"k":[0.11666379869,0.042368318886,0.568627476692,1],"ix":7}},{"ty":3,"nm":"Point 4","mn":"ADBE 4ColorGradient-0007","ix":8,"v":{"a":0,"k":[43.2,43.2],"ix":8}},{"ty":2,"nm":"Color 4","mn":"ADBE 4ColorGradient-0008","ix":9,"v":{"a":0,"k":[0.480261445045,0.492170661688,0.733333349228,1],"ix":9}},{"ty":6,"nm":"Color 4","mn":"ADBE 4ColorGradient-0012","ix":10,"v":0},{"ty":0,"nm":"Blend","mn":"ADBE 4ColorGradient-0009","ix":11,"v":{"a":0,"k":100,"ix":11}},{"ty":0,"nm":"Jitter","mn":"ADBE 4ColorGradient-0010","ix":12,"v":{"a":0,"k":0,"ix":12}},{"ty":0,"nm":"Opacity","mn":"ADBE 4ColorGradient-0013","ix":13,"v":{"a":0,"k":100,"ix":13}},{"ty":7,"nm":"Blending Mode","mn":"ADBE 4ColorGradient-0014","ix":14,"v":{"a":0,"k":1,"ix":14}}]},{"ty":5,"nm":"CC Cross Blur","np":6,"mn":"CS CrossBlur","ix":4,"en":1,"ef":[{"ty":0,"nm":"Radius X","mn":"CS CrossBlur-0001","ix":1,"v":{"a":1,"k":[{"i":{"x":[0.833],"y":[0.833]},"o":{"x":[0.167],"y":[0.167]},"t":13,"s":[10]},{"i":{"x":[0.833],"y":[0.833]},"o":{"x":[0.167],"y":[0.167]},"t":14,"s":[30]},{"t":22,"s":[83.7]}],"ix":1}},{"ty":0,"nm":"Radius Y","mn":"CS CrossBlur-0002","ix":2,"v":{"a":0,"k":0,"ix":2}},{"ty":7,"nm":"Transfer Mode","mn":"CS CrossBlur-0003","ix":3,"v":{"a":1,"k":[{"t":14,"s":[1],"h":1},{"t":16,"s":[6],"h":1},{"t":18,"s":[1],"h":1}],"ix":3}},{"ty":7,"nm":"Repeat Edge Pixels","mn":"CS CrossBlur-0004","ix":4,"v":{"a":0,"k":0,"ix":4}}]}],"shapes":[{"ty":"gr","it":[{"ind":0,"ty":"sh","ix":1,"ks":{"a":0,"k":{"i":[[0,0],[2.148,-3.235],[4.176,0],[0,-6.627],[0,0],[0,12.045],[6.627,0]],"o":[[-4.176,0],[-2.149,-3.235],[-6.627,0],[0,11.943],[0,0],[0,-6.627],[0,0]],"v":[[10,-18],[0,-12.628],[-10,-18],[-22,-6],[0,18],[22,-6],[10,-18]],"c":false},"ix":2},"nm":"Path 1","mn":"ADBE Vector Shape - Group","hd":false},{"ty":"fl","c":{"a":0,"k":[1,0.239215686917,0,1],"ix":4},"o":{"a":0,"k":100,"ix":5},"r":1,"bm":0,"nm":"Fill 1","mn":"ADBE Vector Graphic - Fill","hd":false},{"ty":"tr","p":{"a":0,"k":[0,0],"ix":2},"a":{"a":0,"k":[0,0],"ix":1},"s":{"a":0,"k":[100,100],"ix":3},"r":{"a":0,"k":0,"ix":6},"o":{"a":0,"k":100,"ix":7},"sk":{"a":0,"k":0,"ix":4},"sa":{"a":0,"k":0,"ix":5},"nm":"Transform"}],"nm":"Group 1","np":2,"cix":2,"bm":0,"ix":1,"mn":"ADBE Vector Group","hd":false},{"ty":"gr","it":[{"ind":0,"ty":"sh","ix":1,"ks":{"a":0,"k":{"i":[[0,-13.255],[13.255,0],[0,13.255],[-13.255,0]],"o":[[0,13.255],[-13.255,0],[0,-13.255],[13.255,0]],"v":[[24,0],[0,24],[-24,0],[0,-24]],"c":true},"ix":2},"nm":"Path 1","mn":"ADBE Vector Shape - Group","hd":false},{"ty":"tr","p":{"a":0,"k":[0,0],"ix":2},"a":{"a":0,"k":[0,0],"ix":1},"s":{"a":0,"k":[100,100],"ix":3},"r":{"a":0,"k":0,"ix":6},"o":{"a":0,"k":100,"ix":7},"sk":{"a":0,"k":0,"ix":4},"sa":{"a":0,"k":0,"ix":5},"nm":"Transform"}],"nm":"Group 2","np":1,"cix":2,"bm":0,"ix":2,"mn":"ADBE Vector Group","hd":false}],"ip":6,"op":25,"st":0,"bm":0},{"ddd":0,"ind":2,"ty":4,"nm":"Heart empty 2","sr":1,"ks":{"o":{"a":0,"k":100,"ix":11},"r":{"a":0,"k":0,"ix":10},"p":{"a":0,"k":[24,24,0],"ix":2,"l":2},"a":{"a":0,"k":[0,0,0],"ix":1,"l":2},"s":{"a":1,"k":[{"i":{"x":[0.667,0.667,0.667],"y":[1,1,1]},"o":{"x":[0.333,0.333,0.333],"y":[0,0,0]},"t":3,"s":[100,100,100]},{"i":{"x":[0.667,0.667,0.667],"y":[1,1,1]},"o":{"x":[0.333,0.333,0.333],"y":[0,0,0]},"t":5,"s":[50,50,100]},{"i":{"x":[0.667,0.667,0.667],"y":[1,1,1]},"o":{"x":[0.333,0.333,0.333],"y":[0,0,0]},"t":7,"s":[110,110,100]},{"i":{"x":[0.667,0.667,0.667],"y":[1,1,1]},"o":{"x":[0.333,0.333,0.333],"y":[0,0,0]},"t":9,"s":[100,100,100]},{"i":{"x":[0.667,0.667,0.667],"y":[1,1,1]},"o":{"x":[0.333,0.333,0.333],"y":[0,0,0]},"t":17,"s":[100,100,100]},{"i":{"x":[0.667,0.667,0.667],"y":[1,1,1]},"o":{"x":[0.333,0.333,0.333],"y":[0,0,0]},"t":20,"s":[70,70,100]},{"t":25,"s":[100,100,100]}],"ix":6,"l":2}},"ao":0,"ef":[{"ty":5,"nm":"Channel Combiner","np":10,"mn":"ADBE Channel Combiner","ix":1,"en":1,"ef":[{"ty":6,"nm":"Source Options","mn":"ADBE Channel Combiner-0001","ix":1,"v":0},{"ty":7,"nm":"Use 2nd Layer","mn":"ADBE Channel Combiner-0002","ix":2,"v":{"a":0,"k":0,"ix":2}},{"ty":10,"nm":"Source Layer","mn":"ADBE Channel Combiner-0003","ix":3,"v":{"a":0,"k":2,"ix":3}},{"ty":6,"nm":"Source Layer","mn":"ADBE Channel Combiner-0004","ix":4,"v":0},{"ty":7,"nm":"From","mn":"ADBE Channel Combiner-0005","ix":5,"v":{"a":0,"k":4,"ix":5}},{"ty":7,"nm":"To","mn":"ADBE Channel Combiner-0006","ix":6,"v":{"a":0,"k":7,"ix":6}},{"ty":7,"nm":"Invert","mn":"ADBE Channel Combiner-0007","ix":7,"v":{"a":0,"k":0,"ix":7}},{"ty":7,"nm":"Solid Alpha","mn":"ADBE Channel Combiner-0008","ix":8,"v":{"a":0,"k":0,"ix":8}}]},{"ty":5,"nm":"4-Color Gradient","np":16,"mn":"ADBE 4ColorGradient","ix":2,"en":1,"ef":[{"ty":6,"nm":"Positions & Colors","mn":"ADBE 4ColorGradient-0011","ix":1,"v":0},{"ty":3,"nm":"Point 1","mn":"ADBE 4ColorGradient-0001","ix":2,"v":{"a":0,"k":[4.8,4.8],"ix":2}},{"ty":2,"nm":"Color 1","mn":"ADBE 4ColorGradient-0002","ix":3,"v":{"a":0,"k":[0.231295645237,0.259259521961,0.627451002598,1],"ix":3}},{"ty":3,"nm":"Point 2","mn":"ADBE 4ColorGradient-0003","ix":4,"v":{"a":0,"k":[43.2,4.8],"ix":4}},{"ty":2,"nm":"Color 2","mn":"ADBE 4ColorGradient-0004","ix":5,"v":{"a":0,"k":[0.335870802402,0.437478691339,0.815686285496,1],"ix":5}},{"ty":3,"nm":"Point 3","mn":"ADBE 4ColorGradient-0005","ix":6,"v":{"a":0,"k":[4.8,43.2],"ix":6}},{"ty":2,"nm":"Color 3","mn":"ADBE 4ColorGradient-0006","ix":7,"v":{"a":0,"k":[0.388035386801,0.388035386801,0.65098041296,1],"ix":7}},{"ty":3,"nm":"Point 4","mn":"ADBE 4ColorGradient-0007","ix":8,"v":{"a":0,"k":[43.2,43.2],"ix":8}},{"ty":2,"nm":"Color 4","mn":"ADBE 4ColorGradient-0008","ix":9,"v":{"a":0,"k":[0.617362558842,0.650027573109,0.815686285496,1],"ix":9}},{"ty":6,"nm":"Color 4","mn":"ADBE 4ColorGradient-0012","ix":10,"v":0},{"ty":0,"nm":"Blend","mn":"ADBE 4ColorGradient-0009","ix":11,"v":{"a":0,"k":100,"ix":11}},{"ty":0,"nm":"Jitter","mn":"ADBE 4ColorGradient-0010","ix":12,"v":{"a":0,"k":0,"ix":12}},{"ty":0,"nm":"Opacity","mn":"ADBE 4ColorGradient-0013","ix":13,"v":{"a":0,"k":100,"ix":13}},{"ty":7,"nm":"Blending Mode","mn":"ADBE 4ColorGradient-0014","ix":14,"v":{"a":0,"k":1,"ix":14}}]},{"ty":5,"nm":"CC Cross Blur","np":6,"mn":"CS CrossBlur","ix":3,"en":1,"ef":[{"ty":0,"nm":"Radius X","mn":"CS CrossBlur-0001","ix":1,"v":{"a":0,"k":83.7,"ix":1}},{"ty":0,"nm":"Radius Y","mn":"CS CrossBlur-0002","ix":2,"v":{"a":0,"k":0,"ix":2}},{"ty":7,"nm":"Transfer Mode","mn":"CS CrossBlur-0003","ix":3,"v":{"a":1,"k":[{"t":13,"s":[1],"h":1},{"t":15,"s":[6],"h":1},{"t":17,"s":[1],"h":1}],"ix":3}},{"ty":7,"nm":"Repeat Edge Pixels","mn":"CS CrossBlur-0004","ix":4,"v":{"a":0,"k":0,"ix":4}}]}],"shapes":[{"ty":"gr","it":[{"ind":0,"ty":"sh","ix":1,"ks":{"a":0,"k":{"i":[[0,0],[2.148,-3.235],[4.176,0],[0,-6.627],[0,0],[0,12.045],[6.627,0]],"o":[[-4.176,0],[-2.149,-3.235],[-6.627,0],[0,11.943],[0,0],[0,-6.627],[0,0]],"v":[[10,-18],[0,-12.628],[-10,-18],[-22,-6],[0,18],[22,-6],[10,-18]],"c":false},"ix":2},"nm":"Path 1","mn":"ADBE Vector Shape - Group","hd":false},{"ty":"fl","c":{"a":0,"k":[1,0.803921580315,0.823529422283,1],"ix":4},"o":{"a":0,"k":100,"ix":5},"r":1,"bm":0,"nm":"Fill 1","mn":"ADBE Vector Graphic - Fill","hd":false},{"ty":"tr","p":{"a":0,"k":[0,0],"ix":2},"a":{"a":0,"k":[0,0],"ix":1},"s":{"a":0,"k":[100,100],"ix":3},"r":{"a":0,"k":0,"ix":6},"o":{"a":0,"k":100,"ix":7},"sk":{"a":0,"k":0,"ix":4},"sa":{"a":0,"k":0,"ix":5},"nm":"Transform"}],"nm":"Group 1","np":2,"cix":2,"bm":0,"ix":1,"mn":"ADBE Vector Group","hd":false}],"ip":0,"op":9,"st":0,"bm":0},{"ddd":0,"ind":3,"ty":4,"nm":"Heart empty","sr":1,"ks":{"o":{"a":0,"k":100,"ix":11},"r":{"a":0,"k":0,"ix":10},"p":{"a":0,"k":[24,24,0],"ix":2,"l":2},"a":{"a":0,"k":[0,0,0],"ix":1,"l":2},"s":{"a":1,"k":[{"i":{"x":[0.667,0.667,0.667],"y":[1,1,1]},"o":{"x":[0.333,0.333,0.333],"y":[0,0,0]},"t":3,"s":[100,100,100]},{"i":{"x":[0.667,0.667,0.667],"y":[1,1,1]},"o":{"x":[0.333,0.333,0.333],"y":[0,0,0]},"t":5,"s":[50,50,100]},{"i":{"x":[0.667,0.667,0.667],"y":[1,1,1]},"o":{"x":[0.333,0.333,0.333],"y":[0,0,0]},"t":7,"s":[110,110,100]},{"i":{"x":[0.667,0.667,0.667],"y":[1,1,1]},"o":{"x":[0.333,0.333,0.333],"y":[0,0,0]},"t":9,"s":[100,100,100]},{"i":{"x":[0.667,0.667,0.667],"y":[1,1,1]},"o":{"x":[0.333,0.333,0.333],"y":[0,0,0]},"t":17,"s":[100,100,100]},{"i":{"x":[0.667,0.667,0.667],"y":[1,1,1]},"o":{"x":[0.333,0.333,0.333],"y":[0,0,0]},"t":20,"s":[70,70,100]},{"t":25,"s":[100,100,100]}],"ix":6,"l":2}},"ao":0,"ef":[{"ty":5,"nm":"CC Cross Blur","np":6,"mn":"CS CrossBlur","ix":1,"en":1,"ef":[{"ty":0,"nm":"Radius X","mn":"CS CrossBlur-0001","ix":1,"v":{"a":0,"k":83.7,"ix":1}},{"ty":0,"nm":"Radius Y","mn":"CS CrossBlur-0002","ix":2,"v":{"a":0,"k":0,"ix":2}},{"ty":7,"nm":"Transfer Mode","mn":"CS CrossBlur-0003","ix":3,"v":{"a":1,"k":[{"t":24,"s":[1],"h":1},{"t":26,"s":[6],"h":1},{"t":28,"s":[1],"h":1}],"ix":3}},{"ty":7,"nm":"Repeat Edge Pixels","mn":"CS CrossBlur-0004","ix":4,"v":{"a":0,"k":0,"ix":4}}]},{"ty":5,"nm":"4-Color Gradient","np":16,"mn":"ADBE 4ColorGradient","ix":2,"en":1,"ef":[{"ty":6,"nm":"Positions & Colors","mn":"ADBE 4ColorGradient-0011","ix":1,"v":0},{"ty":3,"nm":"Point 1","mn":"ADBE 4ColorGradient-0001","ix":2,"v":{"a":0,"k":[4.8,4.8],"ix":2}},{"ty":2,"nm":"Color 1","mn":"ADBE 4ColorGradient-0002","ix":3,"v":{"a":0,"k":[0.737577855587,0.746136367321,0.858823537827,1],"ix":3}},{"ty":3,"nm":"Point 2","mn":"ADBE 4ColorGradient-0003","ix":4,"v":{"a":0,"k":[43.2,4.8],"ix":4}},{"ty":2,"nm":"Color 2","mn":"ADBE 4ColorGradient-0004","ix":5,"v":{"a":0,"k":[0.642829716206,0.680265009403,0.819607853889,1],"ix":5}},{"ty":3,"nm":"Point 3","mn":"ADBE 4ColorGradient-0005","ix":6,"v":{"a":0,"k":[4.8,43.2],"ix":6}},{"ty":2,"nm":"Color 3","mn":"ADBE 4ColorGradient-0006","ix":7,"v":{"a":0,"k":[0.388035386801,0.388035386801,0.65098041296,1],"ix":7}},{"ty":3,"nm":"Point 4","mn":"ADBE 4ColorGradient-0007","ix":8,"v":{"a":0,"k":[43.2,43.2],"ix":8}},{"ty":2,"nm":"Color 4","mn":"ADBE 4ColorGradient-0008","ix":9,"v":{"a":0,"k":[0.699884653091,0.717020094395,0.803921580315,1],"ix":9}},{"ty":6,"nm":"Color 4","mn":"ADBE 4ColorGradient-0012","ix":10,"v":0},{"ty":0,"nm":"Blend","mn":"ADBE 4ColorGradient-0009","ix":11,"v":{"a":0,"k":100,"ix":11}},{"ty":0,"nm":"Jitter","mn":"ADBE 4ColorGradient-0010","ix":12,"v":{"a":0,"k":0,"ix":12}},{"ty":0,"nm":"Opacity","mn":"ADBE 4ColorGradient-0013","ix":13,"v":{"a":0,"k":100,"ix":13}},{"ty":7,"nm":"Blending Mode","mn":"ADBE 4ColorGradient-0014","ix":14,"v":{"a":0,"k":1,"ix":14}}]}],"shapes":[{"ty":"gr","it":[{"ind":0,"ty":"sh","ix":1,"ks":{"a":0,"k":{"i":[[0,0],[2.148,-3.235],[4.176,0],[0,-6.627],[0,0],[0,12.045],[6.627,0]],"o":[[-4.176,0],[-2.149,-3.235],[-6.627,0],[0,11.943],[0,0],[0,-6.627],[0,0]],"v":[[10,-18],[0,-12.628],[-10,-18],[-22,-6],[0,18],[22,-6],[10,-18]],"c":false},"ix":2},"nm":"Path 1","mn":"ADBE Vector Shape - Group","hd":false},{"ty":"fl","c":{"a":0,"k":[1,0.803921580315,0.823529422283,1],"ix":4},"o":{"a":0,"k":100,"ix":5},"r":1,"bm":0,"nm":"Fill 1","mn":"ADBE Vector Graphic - Fill","hd":false},{"ty":"tr","p":{"a":0,"k":[0,0],"ix":2},"a":{"a":0,"k":[0,0],"ix":1},"s":{"a":0,"k":[100,100],"ix":3},"r":{"a":0,"k":0,"ix":6},"o":{"a":0,"k":100,"ix":7},"sk":{"a":0,"k":0,"ix":4},"sa":{"a":0,"k":0,"ix":5},"nm":"Transform"}],"nm":"Group 1","np":2,"cix":2,"bm":0,"ix":1,"mn":"ADBE Vector Group","hd":false}],"ip":17,"op":28,"st":0,"bm":0},{"ddd":0,"ind":4,"ty":4,"nm":"Rotation controll","sr":1,"ks":{"o":{"a":0,"k":100,"ix":11},"r":{"a":1,"k":[{"i":{"x":[0.667],"y":[1]},"o":{"x":[0.333],"y":[0]},"t":5,"s":[0]},{"t":11,"s":[8]}],"ix":10},"p":{"a":0,"k":[22,26.896,0],"ix":2,"l":2},"a":{"a":0,"k":[0,0,0],"ix":1,"l":2},"s":{"a":0,"k":[100,-100,100],"ix":6,"l":2}},"ao":0,"ef":[{"ty":5,"nm":"Channel Combiner","np":10,"mn":"ADBE Channel Combiner","ix":1,"en":1,"ef":[{"ty":6,"nm":"Source Options","mn":"ADBE Channel Combiner-0001","ix":1,"v":0},{"ty":7,"nm":"Use 2nd Layer","mn":"ADBE Channel Combiner-0002","ix":2,"v":{"a":0,"k":0,"ix":2}},{"ty":10,"nm":"Source Layer","mn":"ADBE Channel Combiner-0003","ix":3,"v":{"a":0,"k":4,"ix":3}},{"ty":6,"nm":"Source Layer","mn":"ADBE Channel Combiner-0004","ix":4,"v":0},{"ty":7,"nm":"From","mn":"ADBE Channel Combiner-0005","ix":5,"v":{"a":0,"k":1,"ix":5}},{"ty":7,"nm":"To","mn":"ADBE Channel Combiner-0006","ix":6,"v":{"a":0,"k":7,"ix":6}},{"ty":7,"nm":"Invert","mn":"ADBE Channel Combiner-0007","ix":7,"v":{"a":0,"k":0,"ix":7}},{"ty":7,"nm":"Solid Alpha","mn":"ADBE Channel Combiner-0008","ix":8,"v":{"a":0,"k":0,"ix":8}}]},{"ty":5,"nm":"4-Color Gradient","np":16,"mn":"ADBE 4ColorGradient","ix":2,"en":1,"ef":[{"ty":6,"nm":"Positions & Colors","mn":"ADBE 4ColorGradient-0011","ix":1,"v":0},{"ty":3,"nm":"Point 1","mn":"ADBE 4ColorGradient-0001","ix":2,"v":{"a":0,"k":[4.8,4.8],"ix":2}},{"ty":2,"nm":"Color 1","mn":"ADBE 4ColorGradient-0002","ix":3,"v":{"a":0,"k":[0.737577855587,0.746136367321,0.858823537827,1],"ix":3}},{"ty":3,"nm":"Point 2","mn":"ADBE 4ColorGradient-0003","ix":4,"v":{"a":0,"k":[43.2,4.8],"ix":4}},{"ty":2,"nm":"Color 2","mn":"ADBE 4ColorGradient-0004","ix":5,"v":{"a":0,"k":[0.642829716206,0.680265009403,0.819607853889,1],"ix":5}},{"ty":3,"nm":"Point 3","mn":"ADBE 4ColorGradient-0005","ix":6,"v":{"a":0,"k":[4.8,43.2],"ix":6}},{"ty":2,"nm":"Color 3","mn":"ADBE 4ColorGradient-0006","ix":7,"v":{"a":0,"k":[0.388035386801,0.388035386801,0.65098041296,1],"ix":7}},{"ty":3,"nm":"Point 4","mn":"ADBE 4ColorGradient-0007","ix":8,"v":{"a":0,"k":[43.2,43.2],"ix":8}},{"ty":2,"nm":"Color 4","mn":"ADBE 4ColorGradient-0008","ix":9,"v":{"a":0,"k":[0.699884653091,0.717020094395,0.803921580315,1],"ix":9}},{"ty":6,"nm":"Color 4","mn":"ADBE 4ColorGradient-0012","ix":10,"v":0},{"ty":0,"nm":"Blend","mn":"ADBE 4ColorGradient-0009","ix":11,"v":{"a":0,"k":100,"ix":11}},{"ty":0,"nm":"Jitter","mn":"ADBE 4ColorGradient-0010","ix":12,"v":{"a":0,"k":0,"ix":12}},{"ty":0,"nm":"Opacity","mn":"ADBE 4ColorGradient-0013","ix":13,"v":{"a":0,"k":100,"ix":13}},{"ty":7,"nm":"Blending Mode","mn":"ADBE 4ColorGradient-0014","ix":14,"v":{"a":0,"k":1,"ix":14}}]},{"ty":5,"nm":"CC Cross Blur","np":6,"mn":"CS CrossBlur","ix":3,"en":1,"ef":[{"ty":0,"nm":"Radius X","mn":"CS CrossBlur-0001","ix":1,"v":{"a":1,"k":[{"i":{"x":[0.833],"y":[0.833]},"o":{"x":[0.167],"y":[0.167]},"t":24,"s":[30]},{"t":32,"s":[83.7]}],"ix":1}},{"ty":0,"nm":"Radius Y","mn":"CS CrossBlur-0002","ix":2,"v":{"a":0,"k":0,"ix":2}},{"ty":7,"nm":"Transfer Mode","mn":"CS CrossBlur-0003","ix":3,"v":{"a":1,"k":[{"t":24,"s":[1],"h":1},{"t":26,"s":[6],"h":1},{"t":28,"s":[1],"h":1}],"ix":3}},{"ty":7,"nm":"Repeat Edge Pixels","mn":"CS CrossBlur-0004","ix":4,"v":{"a":0,"k":0,"ix":4}}]}],"shapes":[],"ip":0,"op":28,"st":0,"bm":0}],"markers":[]}