{"v":"4.11.0","fr":60,"ip":0,"op":140,"w":280,"h":280,"nm":"Comp 3","ddd":0,"assets":[],"layers":[{"ddd":0,"ind":1,"ty":4,"nm":"Camada de forma 2","sr":1,"ks":{"o":{"a":0,"k":100,"ix":11},"r":{"a":1,"k":[{"i":{"x":[0.262],"y":[1.073]},"o":{"x":[0.454],"y":[0.013]},"n":["0p262_1p073_0p454_0p013"],"t":30,"s":[0],"e":[-16]},{"i":{"x":[0.617],"y":[0.964]},"o":{"x":[0.415],"y":[0.142]},"n":["0p617_0p964_0p415_0p142"],"t":45,"s":[-16],"e":[-13.749]},{"i":{"x":[0.617],"y":[0.199]},"o":{"x":[0.167],"y":[0]},"n":["0p617_0p199_0p167_0"],"t":50,"s":[-13.749],"e":[-13.749]},{"i":{"x":[0.833],"y":[1]},"o":{"x":[0.167],"y":[0]},"n":["0p833_1_0p167_0"],"t":100,"s":[-13.749],"e":[0]},{"t":110}],"ix":10},"p":{"a":0,"k":[156.5,234.5,0],"ix":2},"a":{"a":0,"k":[16.5,94.5,0],"ix":1},"s":{"a":0,"k":[100,100,100],"ix":6}},"ao":0,"shapes":[{"ty":"gr","it":[{"ind":0,"ty":"sh","ix":1,"ks":{"a":0,"k":{"i":[[2.5,0],[21,-30.5],[-22,-28.5],[0,0],[0,0],[0,0],[0,0],[0,0],[0,0],[-2,2]],"o":[[-2.5,0],[-21,30.5],[22,28.5],[0,0],[0,0],[0,0],[0,0],[0,0],[0,0],[-10,-22.5]],"v":[[-21.5,-92.5],[-76.5,-69],[-60.5,34],[16.5,95.5],[13.5,59],[35.5,33],[13,14.5],[27,-17.5],[4.5,-38],[16.5,-63.5]],"c":true},"ix":2},"nm":"Caminho 1","mn":"ADBE Vector Shape - Group","hd":false},{"ty":"fl","c":{"a":0,"k":[0.2196078431372549,0.5058823529411764,0.792156862745098,1],"ix":4},"o":{"a":0,"k":100,"ix":5},"r":1,"nm":"Preenchimento 1","mn":"ADBE Vector Graphic - Fill","hd":false},{"ty":"tr","p":{"a":0,"k":[0,0],"ix":2},"a":{"a":0,"k":[0,0],"ix":1},"s":{"a":0,"k":[100,100],"ix":3},"r":{"a":0,"k":0,"ix":6},"o":{"a":0,"k":100,"ix":7},"sk":{"a":0,"k":0,"ix":4},"sa":{"a":0,"k":0,"ix":5},"nm":"Transformar"}],"nm":"Forma 1","np":3,"cix":2,"ix":1,"mn":"ADBE Vector Group","hd":false}],"ip":0,"op":141,"st":-10,"bm":0},{"ddd":0,"ind":2,"ty":4,"nm":"Camada de forma 1","sr":1,"ks":{"o":{"a":0,"k":100,"ix":11},"r":{"a":0,"k":0,"ix":10},"p":{"a":0,"k":[140,140,0],"ix":2},"a":{"a":0,"k":[0,0,0],"ix":1},"s":{"a":0,"k":[100,100,100],"ix":6}},"ao":0,"shapes":[{"ty":"gr","it":[{"ind":0,"ty":"sh","ix":1,"ks":{"a":0,"k":{"i":[[37.5,-3],[0,0],[0,0],[0,0],[0,0],[0,0],[-0.5,-6],[1,27.5]],"o":[[-37.5,3],[0,0],[0,0],[0,0],[0,0],[0,0],[92.5,-48],[-1,-27.5]],"v":[[57,-92],[3.5,-38],[27,-17],[11.5,15],[36,32],[13,59],[16.5,94.5],[119,-40]],"c":true},"ix":2},"nm":"Caminho 1","mn":"ADBE Vector Shape - Group","hd":false},{"ty":"fl","c":{"a":0,"k":[0.2196078431372549,0.5058823529411764,0.792156862745098,1],"ix":4},"o":{"a":0,"k":100,"ix":5},"r":1,"nm":"Preenchimento 1","mn":"ADBE Vector Graphic - Fill","hd":false},{"ty":"tr","p":{"a":0,"k":[0,0],"ix":2},"a":{"a":0,"k":[0,0],"ix":1},"s":{"a":0,"k":[100,100],"ix":3},"r":{"a":0,"k":0,"ix":6},"o":{"a":0,"k":100,"ix":7},"sk":{"a":0,"k":0,"ix":4},"sa":{"a":0,"k":0,"ix":5},"nm":"Transformar"}],"nm":"Forma 1","np":3,"cix":2,"ix":1,"mn":"ADBE Vector Group","hd":false}],"ip":0,"op":141,"st":-10,"bm":0}]}